2-2023-11	《綿花糖2號》 (《童文匯》2023年11月) - 兒童文學	兒童文學	
2011-01	《親子故事之道與開元故事法》 (《中國家庭教育》2011-01) - 文章	文章	
2011	《開元故事法》 (《兩岸三地閱讀推廣》2011) - 文章	文章	
2014-05-29-2015-2015-11	《當天使飛過松山》 (《澳門日報》《生活--伴我成長》兒童文學版 2014-05-29) (《澳門作家文集20...	兒童文學	在遙遠的森林，有一隻長有一雙翅膀的白色小馬，會在天空飛翔。小飛馬善良又聰明，卻不快樂，因為他嫌自己的翅膀太怪，更不滿意身材細小。每當他跟同學在一起時，就會因矮小而自卑。 小飛馬決定離開森林，希望可以尋找變大的方法。他找到神醫，請神醫幫他變大。神醫說：“你是一隻很好的小馬，沒有病，不需要治療。”小飛馬說：“但是我很不開心啊！”神醫說：“聽說在遠方的澳門，有一位
2014-06-26-2015-07	《東望洋山上的小英雄》 (《澳門日報》《生活--伴我成長》兒童文學版 2014-06-26) (《小城小世界─...	兒童文學	聽說，在東望洋山上，有三個小孩，又有三個大壞蛋，結果小孩們一起將大壞蛋趕走，變成了英雄…… 星期日早上，小肥豬一早便醒來。近來，他為慈善演出而排練武俠劇，經常受傷。本來今天應在家裡養傷，但為了幫助衆多小動物，他決定上東望洋山走一趟。...
2014-07-24	《東望洋山上的大英雄》 (《澳門日報》《生活--伴我成長》兒童文學版 2014-07-24) - 兒童文學	兒童文學	
2014-08-21	《黃飛鴻肉搏黑霸王》 (《澳門日報》《生活--伴我成長》兒童文學版 2014-08-21) - 兒童文學	兒童文學	老虎牧師是愛德小學校長，他很仁慈與寬容，被其他學校趕走的頑劣學生，他都願意接納。 愛德小學最頑劣的學生，是曾被數間學校開除的黑豹。黑豹經常打架生事，還試過被拉上警察局。 老師們幾次想把黑豹開除出校。但老虎牧師總是說，愈頑劣的學生便愈需要教育，他們如果被開除，便會流落街頭，變得更壞。...
2014-09-01a628a8-f917-4d92-b46d-ca47af60e244	故事：《龜兔競賽》 (《小城大世界──澳門兒童文學精選》 2014-09) - 兒童文學	兒童文學	小白兔和小烏龜是同學。有一天，樹熊老師要投票選班長。小松鼠提議選小白兔，而小鴨子提議選小烏龜。小白兔心想，自己成績最好，辦事又快又好，小烏龜沒一樣比得上。但投票結果出來後，小白兔很驚訝，小烏龜竟然和自己的得票數一樣！按同學的建議，樹熊老師安排了三個回合的比賽定勝負。...
2014-09-18-2015-07	《狐狸先生的抉擇》 (《澳門日報》《生活--伴我成長》兒童文學版 2014-09-18) (《小城小世界──澳...	兒童文學	從前有兩個小孩子，是同學又是好友，各有不同的夢想。一個希望將來成為大老闆，賺很多錢。另一個希望將來開一間兒童樂園，裡面有大量玩具、圖書、玩樂設施，他和孩子們整天在玩，過着快樂的生活。 想當大老闆的孩子在長大後，果然成為一位大老闆，他就是狐狸先生。狐狸先生雖然身家豐厚，卻不快樂，因為他終日為生意而忙碌，極為疲累，而且身體病痛愈來愈多。他更沒有時間陪兒子小狐狸，
2014-09-a9a732e1-78a7-49e1-b836-97482af8f23a	散文：《母校》 (《小城大世界──澳門兒童文學精選》 2014-09) - 散文	散文	
2014-09	詩歌：《獨個兒在二龍喉公園》 (《小城大世界──澳門兒童文學精選》 2014-09) - 詩歌	詩歌	我到二龍喉公園見朋友，公園真是很熱鬧，又充滿 生機… 黑熊伯伯在家中躲着， 我問，為什麼獨個兒坐着，不出來玩遊戲？ 他緩緩搖頭，說，                老了，爬不動呀！ 金魚姐姐在龜池中躺着， 我問，為什麼獨個兒由金魚池過來這裡歇着，不和夥伴們在一起？ 她慢慢眨眼，說，                病了，被逼要搬來呢！ 猴子籠是空空的，衹有籠子
2014-10-16	《 旅遊塔上的天才》 (《澳門日報》《生活--伴我成長》兒童文學版 2014-10-16) - 兒童文學	兒童文學	賢智會是個由專家組成的協會，宗旨是為社會服務。今日是一月一日，賢智會會長和一班會員來到澳門旅遊塔。 他們談起，旅遊塔真熱鬧，昨日有龜兔的驚險爬塔比賽，今日有大灰狼雜技團在塔頂高空的精彩表演。看完表演之後，他們便前往塔上的旋轉餐廳，一邊用餐，一邊觀賞美景。大法師預言，他們會在這兩天在旅遊塔遇上一個改變世界的天才，這天才會指引他們如何化解地球上的危機。可是，他們
2014-11-13	《 南灣湖畔的精靈》 (《澳門日報》《生活--伴我成長》兒童文學版 2014-11-13) - 兒童文學	兒童文學	黃昏時分，彎彎的月兒在天空掛着。 在南灣湖畔，穿着阿拉伯服飾的女子阿依麗和她的小寶寶一起走着，他們的真實身份是精靈。這時，一個神情友善的小孩剛好經過。阿依麗對他說：“小朋友，我們是專為人服務的好精靈，請您當我的小寶寶的主人吧！”原來阿依麗一心要小寶寶考上名牌幼稚園，竟然提前十多年為小寶寶爭取“實習”機會！ 這時，天神差役李奪出現，抓着阿依麗，並破口大罵：“精
2015-01-08	《創造奇蹟的小孩》 (《澳門日報》《生活--伴我成長》兒童文學版 2015-01-08) - 兒童文學	兒童文學	從前，靈界分裂為兩派，勢力大的一派稱為天界，另一派稱為魔界，兩界不斷鬥爭。大魔王的皇后染了重病，國師惡女巫捉了一百隻小精靈到黑花山，要燒死他們來煉藥治病。小精靈們的父母到處求救，但天界的各路神靈都不敢出手，直至在大食國出現了一個善良的小孩。 尋找英雄八月八日，精靈母親阿斯瑪帶着一班家長來到大食國。傳說中，這裡的國王米勝，練就《大智功》，計謀天下第一，俗語有云
2015-04-2016-2016-11	《董狐筆》 (《童一枝筆》 2015-04) (《澳門作家文集2016》 2016-11) - 兒童文學	兒童文學	大耳牛是一個糊塗的孩子，在考試時經常弄錯題意及寫錯字，所以很多科目不合格，被迫轉校。媽媽很擔心他的學業，嘗試為他申請其他學校，都不成功，幸好最後愛德小學願意收他。 今年大耳牛剛轉到愛德小學五年級。愛德小學沒有考試，學生交作業就可以。有一天，中文科老師宣佈，學生分組做寫作的學期作業，題材和形式由學生决定，全級最優秀的作品會得到大獎。同學們很雀躍，有些打算寫故事
2015-08-20	《古龍教我怎樣照顧小孩》 (《 澳門日報》-《開元成長專欄》 2015-08-20) - 專欄	專欄	武俠小說大師古龍有一套哲理，諸如“最安全的地方，其實就最危險”，我稱之為“相反理論”。我以前當然不相信“相反理論”，但有一次意外，令我發現，古龍的話又有些道理…… 女兒開元兩歲的時候，我和太太與她到韓國旅行。我們走進了酒店的房間，見到是兩張單人床，便把兩張床併在一起，以為開元睡在我和太太的中間，便很安全，不會掉下床。開元一見這麽大的床，就很興奮，便爬上床，在
2015-08	《親子故事取材與開元故事法》 (《百份百家長》專輯之三《閱讀有方》2015-08)   - 文章	文章	出處: http://www.dsej.gov.mo/caet/p100/special/special3.pdf
2015-09-08	《您有沒有聽清楚校長說的話？》 (《自己報》2015-09-08) - 文章	文章	家校合作，首重溝通。通常家長都會和老師直接溝通，但可要聽清楚校長說的話……  幼稚園校長的話 八年前，女兒入讀幼稚園。在開學前的家長會，校長講了話。她是很資深的校長——是我太太唸書時的校長呢! 她講幼兒教育的心得，尤其要培養學生自理能力，例如學生在校要學習走樓梯。我在不同場合聽她講話，又或是交談中，都明白她很努力地進行教育改革，我很支持。例如，她引入爸媽講故
2015-09-17	《家長和孩子要互相讚賞》 (《 澳門日報》-《開元成長專欄》2015-09-17) - 專欄	專欄	您讀書時，是不是希望得到老師的讚賞？當您剛完成新任務，上司大力讚賞，您是否會很高興？大人需要讚賞，孩子更需要。 女兒開元幼稚園的時候經常畫畫，以及動手做些小玩意，我都會表示讚賞。...
2015-09-2016-2016-11	《狐狸小姐在澳門》 (《童一枝筆》 2015-09) (《澳門作家文集2016》 2016-11) - 兒童文...	兒童文學	旅途受騙狐狸小姐喜歡到世界各地旅行。在旅途中，她經常幫人，但往往因此受騙，有時更惹上麻煩。昨天，狐狸小姐真不幸，在外地旅遊時，因為幫人而被騙了錢包，手更受了傷。錢包沒了又受了傷，怎辦？惟有取銷行程，經澳門回家。她很難過，決定以後都不會再幫陌生人。 今天，可憐的狐狸小姐到了澳門。現在她只剩下一點點錢，連去餐廳吃飯的錢都不夠。所以她苦著臉，去麵包店買麵包。她在麵
2015-10-15-2015-2016-08	《真是萬物皆有情嗎？》 (《 澳門日報》-《開元成長專欄》2015-10-15) (《2015年度澳門文學作品...	文章,專欄	小孩子跟大人不一樣，他們認為所有東西都是有生命的，萬物皆有情。我覺得，孩童時期的這種對大自然的感情與擬人化的想像力，其實十分寶貴，可以比得上大文學家的境界。杜甫的“感時花濺淚，恨別鳥驚心”，花會大哭，鳥會傷悲；李後主的“林花謝了春紅”，花竟然會在即將離世的時候和她的顏色道別，並予以感謝。兩位大文學家不就是富有孩子般的純真感情與想像力嗎？...
2015-11-12	《錦上添花與雪中送炭 》 (《 澳門日報》-《開元成長專欄》2015-11-12) - 專欄	專欄	當有家長告訴我給孩子說故事時的困難，我總是會很同情。其實我最初為女兒開元說故事時，也是極之困難：我沒時間陪女兒，沒耐性與她溝通，加上自小有口吃，還有哮喘病，說故事相當困難。 但後來發覺，以上的困難，反而成為我說故事的理由。既然很少時間陪開元，就要善用時間，在睡前說故事去令她開心。沒有耐性溝通，就用有趣的故事去溝通。不能夠連續流暢地說故事，那就用互動故事去讓自
2015-12-10	《心理學大師艾瑞克森給我的啟示》 (《 澳門日報》-《開元成長專欄》 2015-12-10) - 專欄	專欄	開元唸幼稚園的時候，有一次我和她去公園玩，碰見她的幼稚園同學。她的同學咬指甲，就給爸爸打了一個耳光。我問這位爸爸，他這樣打女兒，女兒會不會改好。他說不會，還說女兒在學校咬指甲，老師罰她，她還是不改。其實，咬指甲的壞處，孩子都明白，既不好看，也會痛，更受到爸爸和老師的懲罰。但就是因為爸爸的嚴厲懲罰，反而令她更堅持這個壞習慣。 開元在三、四歲時也有這個問題，她咬
2016-01-07	《可否讓小孩看<熊出沒>？》 (《 澳門日報》-《開元成長專欄》2016-01-07) - 專欄	專欄	我做親子故事講座時，家長往往踴躍發問，但問的可不一定是說故事的問題，而是教養的問題。最近三次講座，家長都問，可不可以給孩子看《熊出沒》這套動漫？ 先講一下《熊出沒》是講什麼的。主角是光頭強，他的工作就是在森林裡伐木，用電鋸砍掉大量的樹；林中有兩隻黑熊，叫熊大和熊二，經常為阻止光頭強伐木而與他大打出手，其中雙方更會設詭計陷阱捉弄對方。 問我孩子看《熊出沒》可不
2016-02-04	《我和女兒的<西遊記>之旅》 (《 澳門日報》-《開元成長專欄》2016-02-04) - 專欄	專欄	《西遊記》是中國文學經典著作，又是很適合親子故事的好書。這裡分享我引導女兒開元閱讀《西遊記》的經驗，這也是閱讀名著的方法。 我的《西遊記》之旅始於小六畢業時的暑假。那時我到親戚家裡住，沒事情做，把長長的《西遊記》由頭到尾看了一遍。現在孩子的課外閱讀選擇很多，要開元重覆我的閱讀經驗，是不可能的！ 閱讀由講故事開始。開元在幼稚園高班時，我開始和她說《西遊記》的故
2016-03-03	《為甚麼要培養孩子節約習慣?》 (《 澳門日報》-《開元成長專欄》 2016-03-03) - 專欄	專欄	為甚麼要用功學習？為甚麼要多看書？我告訴女兒開元，這一來為了求學本身的興趣，二來為了獲得自由。學識好的人，在選擇工作時就有更多的自由，可以揀符合自己興趣的，上班時間好一點的，薪酬福利好一點的。但這仍不擔保有自由，除非我們節約。我告訴開元，要獲得自由，就要有節約的習慣，才不會被物質上的慾望所支配。 開元真的相當節約。去年暑假，開元參加遊學團，剛好她的手錶壞了，
2016-03-31	《選校要聽孩子意見嗎？》  (《 澳門日報》-《開元成長專欄》2016-03-31) - 專欄	專欄	當今的孩子和家長都很苦，從孩子一歲多便要為學業而煩惱。我和女兒開元當然也不會例外…… 這是澳門的“習俗”，孩子一歲多時便要上托兒所，為的是有助於考上好的幼稚園，最終目的是十七年後會考上好的大學。就是這樣，一歲多的開元被送進托兒所。...
2016-05-2-2017-02-2017-12-63	《尋找時間的小黑貓》 (《童一枝筆》 2016-05) (《童一枝筆-兒童文學作品選2》 2017-02) (...	兒童文學	小黑貓是一個孤獨的孩子。他很想和爸爸玩，可是爸爸每天很晚才下班回來，好不容易等到爸爸回來了，爸爸卻要催他早睡。媽媽以前也陪小黑貓玩的，但自從有了弟弟之後，便經常祇是關心弟弟，而顧不上小黑貓。 小黑貓請爸爸像以前一樣，早點回來陪他玩，可爸爸總是說現在要多賺錢養家，沒時間玩。小黑貓也很想要媽媽陪他玩，媽媽卻說要照顧弟弟，也沒時間陪他玩。 有一天，小黑貓突然想起，
2016-05-26	《如何幫助孩子面對考試壓力？》 (《 澳門日報》-《開元成長專欄》 2016-05-26) - 專欄	專欄	您害怕考試嗎？我從小便健康不好，令我很擔心會影響考試的表現，所以每次考試都帶來很大的壓力。所以，我很想女兒開元不要像我一樣受考試所苦。可是，考試卻是避不過的，而且由兩歲多開始…… 開元的第一關是幼稚園。我帶她考了四所幼稚園。我並沒有作甚麽特別培訓，只是希望她正常發揮便好。臨考之前，我陪她去看校園的康樂設施，說老師很好的；考完了便讚賞她，給她一些獎勵。結果四所
2016-06-23	《孩子遇上數學困難怎辦？》 (《 澳門日報》-《開元成長專欄》 2016-06-23) - 專欄	專欄	很多小幼學生家長為孩子的數學而頭痛。有些說教孩子數學，今天孩子懂了，過兩天卻不懂。有些說孩子總是粗心大意，分數不高，卻不肯多做題目。我的女兒開元每科都是自己溫習的，惟獨數學卻要我幫一下。 小學數學是很難嗎？大概是的，大多數孩子都是學得“慢慢的”，因為人類經過幾千年發展出來的數學語言，其實很精練和抽象，不易理解和運用的。就以進位制、小數點、分數、負數這些基本東
2016-07-21	《孩子頑皮犯規怎麼辦？》 (《 澳門日報》-《開元成長專欄》2016-07-21) - 專欄	專欄	女兒開元小學畢業了。她給我看成績表的時候，我有點驚訝，不是分數出乎意料，而是操行評級。很多人以為我把女兒教得很乖，為她作了特別的培訓。其實，開元不算很乖。而我除了講故事和陪她溫習之外，並沒有作什麼特別培訓。因為我明白，在現今的社會，孩子成長是一個很艱辛甚至痛苦的過程，我們要幫助孩子減壓，而不是百上加斤！...
2016-07	《開元故事法──如何以故事作情境教育？》 (《兩岸四地學校圖書館的閱讀教育》2016-07) - 文章	文章	
2016-08-18-2017-2017-11	《金庸小說對教小孩有何啟示？》 (《澳門日報》-《開元成長專欄》2016-08-18) (《澳門作家文集201...	文章,專欄	在金庸的《射鵰英雄傳》中，郭靖是一個笨小孩，跟江南六怪習武，學來學去也學不好。六位師父感到很擔心，因為他們與對手邱處機相約，雙方的徒弟長大後會比武，他們就是怕郭靖會輸掉比武。 江南六怪急於求成，同時教小郭靖六種不同的武功，再加上他們的武功，並不是甚麼有系統的上乘武功，只是各自的個性化技藝，結果就苦了小郭靖，很勤奮用功也學不好。 江南六怪對不對？不對。但這恰恰
2016-09-15	《親子故事最重要的是什麼？ 》 (《 澳門日報》-《開元成長專欄》2016-09-15) - 專欄	專欄	很多家長會覺得說故事很難，認為說故事要有動聽聲音、好的口才和技巧。我可以很肯定地說，對孩子來講，父母的聲音是最親切動聽的，所以，孩子不會挑剔，也不會計較父母有沒有好的口才，父母只要用心去說，孩子就會專心去聽。 您有沒有跟孩子一起畫畫、唱歌、堆泥沙、玩橡皮泥？是不是您跟他們一起玩，他們就很開心？您需不需要先學好畫畫、唱歌、雕塑等藝術呢？當然是不用了，孩子根本不
2016-10-13	《如何培養孩子的聯想力？》 (《 澳門日報》-《開元成長專欄》2016-10-13) - 專欄	專欄	
2016-11-10	《為什麼要有夢想？》 (《 澳門日報》-《開元成長專欄》2016-11-10) - 專欄	專欄	
2016-12-08	《孩子要用手機怎麼辦？》 (《 澳門日報》-《開元成長專欄》2016-12-08) - 專欄	專欄	今天打開臉書，收到一個交友邀請，見到大頭照是兩位很可愛的“小豬”小女孩（用美圖效果化妝的），好像不大認識，為什麼小女孩會邀請我呢？這還要由女兒開元的近視講起…… 開元小二便有近視，要帶眼鏡。她很喜歡看書，我一直擔心她近視會變得越來越深，所以平常不讓她看電視和玩電子遊戲，也不讓她用手機。開元見到一些同學有手機，手機裏有很多好玩的東西，又見到同學們可以在社交媒體
2016-12	《望德堂前賣火柴》  (《童一枝筆》 2016-12)   - 兒童文學	兒童文學	蛇龍打賭蛇精是一隻很貪心的妖精。她和小妖盈盈合作，到處與仙人打賭，用詭計贏得百多個城市，香火日盛，法力大增。他們來到澳門，在望德堂上空遇上龍王。 這龍王本是南海龍王，但由於屢受妖精欺壓，南海領土被奪，從此權勢盡失，法力不振。他眼見各地人情淡薄，便愈感失落。輾轉留落澳門，當這小城的守護神。 蛇精見龍王可欺，便低聲向盈盈説：“為了你的將來，一定要爭奪很多地盤。這
2017-01-12	《對孩子學習數學要抱着什麼態度？》 (《 澳門日報》-《開元成長專欄》2017-01-12) - 專欄	專欄	以前我有位數學系老師說，美國的家長見到孩子數學很差，會和孩子說：“沒所謂的！學習數學是很難的，要講天份！”而中國的家長則不然，他們會很不滿，會壓逼孩子學好，哪怕他們自己小時候學數學，也曾叫苦連天！ 女兒開元在小學時，數學科用的是香港課本，內容較淺，與內地的程度有很大差別。我當時有點擔心，中學是用內地數學課本的，將來升初一時怎樣銜接呢？ 小五和小六時，學校用了
2017-02-09	《究竟唐僧是不是英雄？》 (《 澳門日報》-《開元成長專欄》2017-02-09) - 專欄	專欄	我經常以女兒開元喜歡的人物配上生活情境編故事。有些家長會擔心這樣做會令孩子混淆了原來人物的故事。但各位家長不用擔心。通常我會把人物放在不相關的情境，例如唐僧（名著人物）以慈悲心感化了灰太狼（動漫人物）。這種時空錯配、“虛實相分”的手法，反而不會混淆了原著的情節。 可是小說和電視劇集卻經常用了“虛實不分”的手法，把真人真事和虛構的情節糅合在一起。這樣一來，不要
2017-02	《大力超人》  《童一枝筆》 2017-02 - 兒童文學	兒童文學	善良超人2100年，機器人經多年演化，知識和本領比人類高得多。機器人這麽厲害，一些國家就是由機器人管治，當中以西方最強大的機智國為甚。而澳門這東方小城，仍由人類管治，人類和機器人融洽相處。 今天，澳門舊區一所老房子，外號“大力超人”的機器保安員下班回家。其實同事叫他“大力超人”，並不是因為他是超人，而是笑他外表很像以前打怪獸的超人，但力氣卻小得可憐! 大力超
2017-03-09	《怎麼培養孩子學樂器？》 (《 澳門日報》-《開元成長專欄》 2017-03-09) - 專欄	專欄	很多家長想讓自己的孩子學樂器，有的為了培養孩子的藝術素養，有的為了提高孩子的競爭力，有的為了促進孩子腦部發育，有的則是為了彌補自己小時候沒機會學的遺憾。我也想讓女兒開元學樂器，因為我本身喜歡聽音樂，覺得懂樂器的人更能欣賞音樂。而且音樂還可以啟發創作力——我是個一邊寫作，一邊要聽音樂的人。而我的太太更是很希望開元能學好一兩種樂器。可是我們的主觀願望是這樣，現實
2017-03	小說《賭城 吊橋 何其險》 (《故事》原創小說 2017-03) - 兒童文學	兒童文學	澳門大賭 龍王和蛇精鬥法多年，為爭作各地守護之神。最近，蛇精請龍王到澳門這賭城，說要入鄉隨俗，與他打賭：當人遇上絕境時的抉擇，究竟是為求自保而不顧情義，抑或是著重情義而不顧自身安危? 蛇精狡猾貪心，認為人性本惡，下注於前者；龍王仁慈忠厚，認為人性本善，下注於後者。每次打賭，蛇精皆選壞人，龍王總是希望壞人變好，明知勝算不高仍下注於後者。結果龍王連輸七局，輸了六
2017-04-06	《寶寶喜歡和您玩遊戲嗎？》 (《 澳門日報》-《開元成長專欄》2017-04-06) - 專欄	專欄	昨晚回家，太太和女兒開元正在與電腦下五子棋。他們請我也試試和電腦較量一下，並說電腦很厲害，其“初級”的棋力便令他們連場落敗。平時我和開元下棋，並不是很厲害，預計勝不了電腦。但出乎意料，我勝出數局。升至與“中級”和“高級”棋力的電腦較量，竟仍輕易勝出！原來是誤會了，開首以為是“初級”的其實是“高級”呢！ 雖然電腦隨時可以下棋，但開元還是喜歡和我下，因為我棋力只
2017-05-04-948059d1-85ef-4891-8d4c-43a0dd70a837	《怎樣引導孩子看經典作品？》 (《 澳門日報》-《開元成長專欄》2017-05-04) - 專欄	專欄	女兒開元很喜歡在網上看谷阿莫搞笑地快速講解電影，也喜歡看網上的小說和卡通片。而我一直引導開元多看些經典文學作品，希望她能從閱讀經典中體會人生，領悟智慧。  最近，我問開元看不看《肥貓與和平》、《悲慘肥貓》和《雙貓記》，她說不看。這些開玩笑的書名其實是指三部西方經典名著，開元是知道的。 ...
2017-05-17	《教育根本 立德樹人》 (《澳門日報》 2017-05-17) - 文章	文章	澳大致力培養愛國愛澳胸懷天下人才五月十日，全國人大常委會張德江委員長與本澳教育界人士和高校學生代表座談，我對委員長張德江的講話深感認同，並聯想起澳門大學的教育，信筆隨想，與各位分享感受。 教育以立德為先委員長指出，中央政府十分關心澳門教育的發展和青年成長，澳門要加強青少年的教育培養，增強青少年投身“一國兩制”事業的責任感和使命感。教育的目的是為社會輸送有正確
2017-06-01	《有錢會開什麼書店？》 (《 澳門日報》-《開元成長專欄》2017-06-01) - 專欄	專欄	女兒開元小時候，很喜歡看書，在書店可以看上幾小時的書。我於是和她說，日後我們有錢也開一家書店吧，然後把這書店取名為開元書店！ 我心目中的開元書店，是個能夠益街坊、雪中送炭的店子，用來幫助有困難的家長和孩子。困難不一定指經濟方面，也可以是像我這樣的人。 首先，開元書店是一個很開心的故事樂園，裡外都有很多不同年代的卡通人物。不論大人抑或小孩，一進去便感到很開心。
2017-06-29	《假期與孩子有什麼活動？》 (《 澳門日報》-《開元成長專欄》 2017-06-29) - 專欄	專欄	女兒開元在幼稚園的時候，凡是周末我們一家人都會出外玩，凑凑熱鬧，參加大型活動，如文藝表演、巡遊滙演、展覽等。開元逐漸長大，學業忙了，自己的活動很多，對這些活動也不再感興趣，我們便很少一起出外遊玩了。 結果，一家人的假期活動就是外出吃飯、購物，間中看看電影。真的一起去玩的，要等到旅行才有機會。其實旅行要坐飛機，坐長途車，到戶外走很遠的路，在烈日下曝曬，還有候機
2017-07-27	《為什麼俄羅斯人不喜歡笑？》 (《 澳門日報》-《開元成長專欄》2017-07-27) - 專欄	專欄	與孩子相處時，大人總是會有很多看不過眼的地方，例如我們要孩子叫人，孩子卻不聽話。其實這並不一定是孩子不好，祇是我們大人不了解孩子的心理，猶如我們不明白外國人的文化。我最近與太太和女兒開元到了俄羅斯旅遊，對此小有體會，在這裡和大家談談文化差異。今日遇見同事，她談起剛從俄羅斯旅遊回來，沒見過俄羅斯人的笑容。我也有類似印象，卻想起兩個例外的事件。 第一次是乘飛機時
2017-08-24	《什麼是自由寫作？》 (《 澳門日報》-《開元成長專欄》2017-08-24) - 專欄	專欄	這個暑假，我見女兒開元有很多時間，便要她每天作一篇文，題材不限，字數不限，中文英文都可以。 第一天，她用英文寫，講的是她早上睡過了頭，趕去上學卻遇上很多阻滯，便遲到了，卻得到老師原諒。但她竟然沒帶功課，便被老師責駡和同學取笑！我覺得內容古怪，又發現很多文法錯誤。但我沒有批評，並告訴她這故事挺有新意。 第二天，她問可不可以寫信。我說可以。她寫了一封英文信給一位
2017-09-21	《孩子要關心立法會選舉嗎？》 (《 澳門日報》-《開元成長專欄》 2017-09-21) - 專欄	專欄	回歸前的幾年，有位同事參加立法會選舉，請我做提名人，我同意了，自此便每屆都去投票。回歸之後，朋友當中參選的人愈來愈多，我便開始留意選情，並出席選舉活動。 十二年前，女兒開元才一歲多時，我便推着寶寶車帶她去看選舉活動，諸如造勢大會。我當然明白她是看不懂的，祇是平日很少陪她，假日既想陪她又要出席朋友的競選活動，便乾脆帶着她一起去吧！此後三屆的選舉，我也都帶她一起
2017-09-62	小說《老虎與我》 (《澳門筆匯》2017-09 第62期) - 兒童文學	兒童文學	老虎懷恩今天，愛德小學的大門，走進一位個子高大的老牧師。拄着雨傘作拐杖，步履有點不穩，身旁有位護士照顧。他就是老校長林懷恩牧師，十多年前從這裡退休後，便一直在倫敦居住。在門口當值的楊老師一見到老牧師，便很興奮地叫“老虎牧師”，並上前與他握手擁抱。  原來“老虎牧師”正是林牧師的外號，他以前聲若洪鐘，似老虎咆哮一樣，學生便叫他老虎牧師。楊老師正是他以前的學生呢
2017-1-2-48	《什麼是小孩子的敘事療法？》 (《橙報》-《學生事務長的校園童話》 2017年1-2月 第48期) - 校園童...	校園童話	神敬大學有很多不開心的學生，他們請了友校的學生事務長小孩子來講“敘事療法”，希望對學生有所幫助。 今天，小孩子來到教室時，見到一隻苦着臉的肥貓咪站在門口。這肥貓咪一身破爛的天使服飾，正拿着一碟飯在吃。小孩子感到這是一隻很孤獨的貓咪。 小孩子說：“貓貓，為什麼拿着碟子在這裡吃呢？”天貓說：“我在食物天堂付給姨姨廿六塊，她就給了我這碟子。”“那為什麼要站着吃呢？
2017-10-19	《與孩子說寶寶話嗎？》 (《 澳門日報》-《開元成長專欄》2017-10-19) - 專欄	專欄	我小時候很喜歡看卡通片《Q太郎》，主角Q太郎的弟弟叫O太郎，O太郎是個很可愛的小寶寶，只是不斷重複講“巴基啦打”，但Q太郎卻聽得懂他的意思。這就是“寶寶話”。有些大人很正經，反對講“寶寶話”，但我覺得有些寶寶詞彙是可以講的，這是親子間的密碼，也是親子間的樂趣！ 我最近為大學生報刋寫了一個校園童話，故事的主角叫豬仔，他與善長叔叔來到校園，看了一場《月餅英雄》的
2017-11-12-52	《月餅英雄》 (《橙報》-《學生事務長的校園童話》 2017年11-12月 第52期) - 校園童話	校園童話	中秋節前，神敬大學的湖邊，學生事務長小孩子和一群書院的學生們穿着古代服飾，正在排練古裝音樂劇《月餅英雄》。排演這齣劇是為給天鴿風災後籌款。 突然，湖中走出兩個身穿古服的人來! 小孩子想起昨晚龍王報夢，說會有善長來支持義演，便向年長的一位打招呼：「善長叔叔，您好？」 善長叔叔相貌俊朗，文質彬彬，拱手行禮請安道：「兄台，請問學務大人何在？」「我就是呀!」「拜見學
2017-11-16	《學習數學有什麼意義？》 (《 澳門日報》-《開元成長專欄》 2017-11-16) - 專欄	專欄	女兒開元升上初二後，學代數和幾何時都感到困難，近來經常要我教她。昨天早上，開元拿着幾何功課問我，面帶苦惱地說，數學太難。我便與寶寶聊聊天，開解一下她。 我說，數學是基礎訓練，鍛煉智力，效用日後才會見到。跟着我提起澳大的啦啦隊比賽。看看冠軍隊的訓練片段，是高強度的基本動作和體能訓練，與跳舞有什麼關係呢？再看看比賽照片，姐姐作出高難度的抬舉和高空動作時，竟然可以
2017-12-14	《什麼是科學的童話？》 (《 澳門日報》-《開元成長專欄》2017-12-14) - 專欄	專欄	女兒開元唸初二，學習科學知識。我偶爾會為她講講科學的童話，希望令科學變得有趣一點。 開元，科學理論往往被認為是正確的，可是，隨着科學的進步，有些科學理論也會被推翻。究竟能否確保科學理論是真的？很聰明的哲學家波普認為不可能！他甚至認為，科學之所以為科學，就是因為有可能被實驗所推翻，可能被證偽！ 先要解釋一下什麽是科學方法：首先是從現實中觀測或歸納，推測出一個理
2017-12	《信耶穌得金牛》 (《童一枝筆》2017-12) - 兒童文學	兒童文學	很多年前，澳門的路環村有個叫皮老板的人，他在村中是最有錢的，卻並不快樂。他很貪心，總想要得到更多的錢，成為澳門最有錢的人。皮老板很討厭窮人，更不滿教堂的羅神父，因為他救濟窮人。 一天，皮老板路過農地，見到農夫大星帶着黃牛在耕作。皮老板心中大駡，豈有此理，大星這麽窮，竟還能這麽開心地唱歌! 皮老板很不滿，便想要作弄一下大星，令他傷心難過。他心生一計，便暗中派人
2017-3-4-49	《當天使飛到人間》 (《橙報》-《學生事務長的校園童話》 2017年3-4月 第49期) - 校園童話	校園童話	神敬大學出現了一位很奇怪的學生。這位學生叫天貓，是一隻孤獨的肥貓咪，身穿破爛的天使袍，並自稱天使! 他總想幫人，但大家都覺得他精神有問題，並不理會他。校長余神父也勸他不了，便請友校的學生事務長小孩子來幫忙。 這天，在很著名的食物天堂，小孩子和天貓在吃飯聊天。 天貓：“校長和老師都勸我不要穿天使袍，但我是個天使，為什麽不可以穿天使袍？” “天使當然可以穿天使袍
2017-5-6-50	《神敬大學的名字怎麼來？》 (《橙報》-《學生事務長的校園童話》 2017年5-6月 第50期) - 校園童話	校園童話	學務長小孩子應邀到友校神敬大學參與校務大會。原來神敬大學財政困難，現得到捐助人佘晶答允捐款100億，但條件是把校名改為“敬神”。校名反映了辦學精神，大家既想得到捐款解困，卻又為改名而不安。 在校務大會上，佘晶講述了捐款如何助校，大多數人表示支持。 校長說：“友校的學生事務長熱心教育，我們請他給點意見，再作決定。” 這時，小孩子卻突感胸口緊逼，說不出話——不好
2017-51	《風水可以減肥？》 (《橙報》-《學生事務長的校園童話》2017年 第51期) - 校園童話	校園童話	神敬大學最失意的女生是減肥會會長巧秀。她是孤兒，因肥胖而三度失戀，多次減肥都失敗了。今天，她滿懷希望，請了風水命理大師馮人坤來作講座「風水減肥法」，卻發現這減肥法原來很貴，便向學生事務長小孩子求助。 同一時間，小孩子正在醫院急症室接受治療。原來他為救一名老翁而被汽車撞倒，頭部和全身多處受傷。小孩子收到巧秀的求助訊息後，十分擔心，因為巧秀曾有輕生之念。他馬上離
2018-01-11	《天機欲覷話棋王：余光中的散文為什麼好看？》 (《 澳門日報》-《開元成長專欄》2018-01-11) - 專...	專欄	余光中先生日前病逝，我很懷念這位溫文善良、才華橫溢的文學大師。我拿着兩本書，推薦給女兒開元看。 開元，這本《棋王》是很好的小說，上面有余光中老師的簽名呢！ 她看了看封面便問，這本書不是他寫的，怎麽會有他的簽名呢？ 四年前余光中老師來澳門大學時，我第一次見他，拿着我最喜歡的文章請他簽名。這篇文章，其實是余老師為張系國的小說《棋王》寫的序，題為《天機欲覷話棋王》
2018-02-08	《為什麼孔子是摩登聖人？》 (《澳門日報》-《開元成長專欄》2018-02-08) - 專欄	專欄	我提倡用故事去教孩子品德。可是，什麼才是合乎道德？我教開元時，就採用了孔子提倡的道德標準。最近，開元的學校邀請我作國學講座，我毫不猶疑地選擇講孔子，其實就是一些曾經和她講過的故事，在這裡與各位家長分享。 我的題目是“摩登聖人：孔子與你”。我首先解釋了一下孔子為什麼是摩登聖人。因為他提倡的仁愛、忠誠、寬容等理念，是跨越年代的道德標準，而他主張的中庸之道，也是跨
2018-03-08	《如何學習饒宗頤的治學精神？》 (《澳門日報》-《開元成長專欄》2018-03-08) - 專欄	專欄	饒宗頤教授離開了，我在悼念的同時，與女兒開元談起了饒公的故事…… 饒公沒上過大學，卻為什麼可以在大學當教授？很多人把他說成從未上學、無師自通的奇才。他卻說自己上過正規的初中，當時學的代數和英文對日後治學很有好處。他曾說道，自己學每樣東西都是有老師的。他的老師可多了，有時人，也有古人，有中國人，也有外國人。學問上對他影響最大的，是印度的一位學術大師。此外，他從
2018-1-2-53	《電影與創作》 (《橙報》-《學生事務長的校園童話》 2018年1月-2月 第53期) - 校園童話	校園童話	神敬大學的校長富使命感，工作壓力大，操勞過度，近來變得有點神經質。今天，校長更是面臨重大考驗，要陪同三位校外專家進行觀課評審。他倡議開辦藝術學院，這三位專家正在評審教學水平。他們已經對兩門科目進行了觀課，覺得內容太淺，不夠深度。現在是觀看最後一門科目，校長很緊張，親自選了剛拿了最佳教學獎的老師的課 ―《電影與創作》。 校長記不清劇場房號，奔波一輪才找到劇場。
2018-12	《松山上的吉祥物》 (《童一枝筆》(澳門筆會) 2018年12月) - 兒童文學	兒童文學	我叫柏柏，是一隻小松鼠，本來在松山過着愉快的生活。後來有一個晚上，山上起火，我撲進火海中，救出了烏嘴狗弟弟，並打鑼示警，通知大家趕快把火撲滅。我因救火而受重傷，身上的毛燒掉了一半，腿壞掉了，樣子太難看，不敢見人，便獨自搬到路環山區。昨天晚上，龍王報夢，說東亞運動會要選吉祥物，讓我回到松山參選。我這麽醜，怎可參選呢？但我記掛松山和山上的朋友，便決定回去看看。
2018-2018-11	《白鸽巢公园的奇遇》 (《澳门作家文集2018》2018年11月) - 兒童文學	兒童文學	课外活动薯宝宝是爱德小学的学生。学校注重学生的全面发展，要求学生参加课外活动，可是薯宝宝什么活动都不肯参加。 今天，校长在校园内找到薯宝宝，便拿出课外活动表问他：“宝宝，选了什么课外活动呢？＂ 薯宝宝说：“没有！” “这里有体育、音乐、绘画、戏剧、科学等三十多项活动，怎么不尝试一两项啊？” “我全部都不感兴趣，参加活动能有什么用呢？” “我小时候也不觉得有什
2018-3-4-54	《當柔靈遇上魯鈍》 (《橙報》-《學生事務長的校園童話》 2018年3月-4月第54期) - 校園童話	校園童話	神敬大學的一月，寒泠，下雨，潮濕，大考，這是精神病人發作的高峰期! 今天，學生事務長剛收到訊息，有位男生發狂，另一位女生要自殺! 學務長正要了解情況，祗見莫柔靈同學緩緩走進他的辦公室。柔靈容顏秀麗，卻目光呆滯，面色蒼白。她成績很好，卻身患殘疾，長期抑鬱，祗有同學善盈關心他。但三天前，善盈不幸意外喪生，這令她很傷心絕望，一直失眠。今天來見學務長，打算感謝他以往
2018-3-64	《當天使飛過松山》 (《澳門筆匯》(澳門筆會) 2018年3月第64期) - 文章	文章	怎樣創作兒童故事？是靠天馬行空的靈感？廣泛閱讀？抑或生活體驗？以上皆對，但我的經驗是，靠努力創作! 創作在於實踐與嘗試，我的創作由講故事開始……...
2018-5	《大牙的終極大獎》繪本導讀 （2018年5月） - 文章	文章	《大牙的終極大獎》是一個很好的童話。內容講的是小學生大牙參加學校園遊會的經過…… 大牙打算集齊遊戲貼紙來換取終極大獎。可是，他被免費的美味蝦片吸引，便不顧食物過敏，多次排隊吃蝦片。後來見到了派發免費紀念品的攤位，又多次排隊拿紀念品。糟糕！突然全身紅腫，原來是蝦片引起過敏! 大牙被送進醫療室。因為治療拖延了時間，大牙沒時間去玩遊戲，不能集齊貼紙，便失望痛哭。.
2018-8	《愛心先鋒》 (《童一枝筆》(澳門筆會) 2018年8月) - 兒童文學	兒童文學	朱錦蘭是剛轉來愛德小學的學生，念小六愛班。他沉默寡言，長得很高大，卻很可憐，功課跟不上，還經常被同學取笑，因為他名字諧音就是“豬咁懶”。他在原來的學校成績很差，又受到同學欺負，因而被逼退學。媽媽找了很多學校都不願收他，幸好最後愛德小學願意接納他。 今天，朱錦蘭上學時，經過連勝巷的先鋒廟。突然見到一位老婆婆昏倒在地上! 他馬上抱起婆婆，跑到大馬路，找到途人叫救
2019-1-3-55-8fb9f6cc-4d1a-45d5-904d-bf83f777f223	《畢業照與魔術》 (《橙報》-《學生事務長的校園童話》 2019年1月-3月 第55期 ) - 校園童話	校園童話	天寒地凍的星期六上午，在神敬大學的學生中心，年老多病的學務長正埋頭苦幹，審批大量文件。這時，電話響起來。 「您好! 我是應屆畢業生，很想帶狗兒回校拍畢業照，但校園服務部說不可以。我的狗兒很老了。請您特別批淮，可以嗎？」翠兒同學懇求着。 「不知道可不可以。但我曾見過有畢業生抱着狗兒拍照的。」學務長很溫和地說。 「很感謝您!」 翠兒很高興，並約學務長下午一起拍照
2019-1-3-55	《為什麼狗兒可以進課堂？》 (《橙報》-《學生事務長的校園童話》2019年1月-3月 第55期) - 校園童話	校園童話	神敬大學，學生中心，二樓。我在辦公室剛寫好辭職信，決定要告別服務了40年的校園。當了學生事務長多年，很愛這裡的學生，無奈年老力衰，還經常哮喘病發作。唉! 可能去天堂的路不遠，不得不退休了。 這時，一名大漢怒氣沖沖地走進來，後面緊跟着五名神色緊張的保安。糟糕! 魯鈍同學的燥狂症又發作了! 魯鈍滿面通紅，右手揮舞着鎚子，左手脅挾着一大幅橫額，很激動地說：“學務長
2019-12	《食物天堂》 (《童一枝筆》(澳門筆會) 2019年12月) - 兒童文學	兒童文學	我叫珠女，是一個八歲的女孩，很愛吃東西，也因此愈來愈胖，媽媽不得不帶我去看醫生。結果，醫生叫我減肥，嚴格遵照節食餐單，目標是減10公斤。慘了！真是世界末日! 人人都催促我要節食減肥，祗有老布——我的大狗明白我愛吃，沒有逼我節食! 今天，我一下課，便急步走過街頭，忍着不看路上的美食攤檔，不看魚蛋和牛雜，也不看草莓夾餅和珍珠奶茶，很辛苦才避開這些誘惑。但我知道，
2019-2019-10	《失憶小王子》 (《澳門作家文集2019》2019年10月) - 兒童文學	兒童文學	我叫王子兆，是愛德小學的小二生。我記性不好，成績很差，又經常遺下東西，被媽媽駡，還經常忘記帶書本和功課本，被老師罰。同學們經常取笑我，叫我“失憶小王子”。我很不開心，經常扁著嘴，不大說話。 今天第一堂是英文課，派測驗卷，我得50分。我擔心會給媽媽駡，沒留心聽課。第二堂是中文課，班主任林老師派默書卷給我時，叫我下課後見她。我一看卷子，是55分。唉! 今次兩科同
2019-4-7-56-f04c97c8-aed7-4e84-a0ae-95063357942c	《逃零學寫作》 (《橙報》-《學生事務長的校園童話》2019年4月-7月第56期) - 校園童話	校園童話	我叫逃零，在神敬大學工作，很多人問我為什麼叫逃零，我說，是為了紀念人工智能之父圖靈逝世100週年。今天，我開始學習寫小說，看了很多作品後，我寫了一些，但讀者說我的作品欠缺感情。我問了一下同事如何改善，他說學務長很關懷和愛護學生，建議我可以向學務長請教一下。 我很快便見到學務長，表明了我此番目的，他建議我，要想寫好的小說，首先要學習的是同理心和寬容。可是這要怎
2019-4-7-56	《愚人節遇險記》 (《橙報》-《學生事務長的校園童話》2019年4月-7月 第56期) - 校園童話	校園童話	我是神敬大學的學務長。今天，是一年中最危險的日子——愚人節! 昨晚龍王報夢，說蛇精今年又趁愚人節要向我報復，叫我避之則吉。 今天早上，一名女生怱忙地走進我的辦公室，說有學生在廣場和食堂生事。我的祕書小恩很緊張地提示：“學務長，您不要去啊！去年愚人節有學生搞事，弄得您都受傷入院了。”不過我還是馬上起身走出了辦公室，因為我很擔心學生會受傷。 我隨着女生走到學生中
2019-8	《當天使飛過松山——烏嘴狗與大黑熊》 (《幽默童話》2019年8月) - 兒童文學	兒童文學	我是一隻白色的小狗，住在松山上。我叫浩浩，但大家見到我的嘴黑黑的，便叫我烏嘴狗。爸爸怪我頑皮，媽媽嫌我骯髒，老師駡我懶隋，同學笑我古怪，大家都不喜歡我。沒人願意和我玩，我感到很孤獨，便用心愛的寶盒作弄別人，尋尋開心! 今天，我坐在山坡上，拿着寶盒，正思考怎樣改良它。突然間，前面出現了紫狐狸! 紫狐狸是最近搬來松山上的惡霸，大家都害怕她。...
2020-1-26129c5a-1384-404e-aa53-c8723fa60e91	《大炮台的尋寶圖--偉大作品》 (《澳門奇趣門--少年小說精選》(澳門筆會) 2020年1月) - 兒童文學	兒童文學	在充滿歡樂的大炮台上，祖西獨自飲泣。他對過來關心自己的姐姐說沒事，擦擦眼淚，便思量怎樣找紅寶石。忽然間，可愛的斑鳩寶寶出現了! 祖西急步上前，問他：“好寶寶，媽媽在哪裡？” 寶寶說話像銀玲般悅耳動聽：“媽媽剛才講完大炮台上的戰爭故事，便很傷心地飛走了。” “她之前說，大炮台有個噴水池，水面上有紅色水藻，水中藏有紅寶石。你知道這水池在哪裡嗎？” “剛才你見到的
2020-1	《東望洋山尋寶記》 (《澳門奇趣門--少年小說精選》(澳門筆會) 2020年1月) - 兒童文學	兒童文學	第一章 學生之長 我叫李松德，是愛德小學的學生，念小六愛班。學校在東望洋山上(松山)，是我最喜愛的地方。我從幼兒園開始，就在這裡念書，而且與媽媽住在學校。這裡的校長和老師都很好，我有很多好朋友。 媽媽說我四歲時，患哮喘病，有自閉症，學習跟不上。後來轉校來這裡，東望洋山上活動空間很大，空氣也比城裡好得多，平時在山上跑動得多了，身體也比之前強壯了。我與山上的動物
2020-11	《停校驚魂》 (《童一枝筆》(澳門筆會) 2020年11月) - 兒童文學	兒童文學	我是愛德小學的校長。今年真不幸，我發現自己患了心臟病，自此經常遇事害怕，受不得半點刺激。禍不單行，新冠肺炎突然爆發，學校被逼停課。按政府規定，學校停課，全部老師和學生都必須馬上回家，所以偌大的校園冷冷清清，只剩下我一人。剛收到校監電話，提示要嚴格遵守政府規定，老師和學生不得回校。 今早，我正用微信與一眾同學聯繫，關心問好。突然門鈴大響，我趕去開門，竟見到小六
2020-2020-11	《呼醒心中的英雄》 (《澳門作家文集2020》 2020年11月) - 兒童文學	兒童文學	我叫小東，是住在松山上的小松鼠。七日前的晚上，山上起火，我的家被燒毀，我胸口被燒傷。為什麼會起火？我相信是噴火恐龍做的! 我之前看過一本書，說噴火恐龍經常在晚上出現，傷害很多小動物。書中還說，有位穿着黑袍的大英雄，用神槍射出連環子彈，打敗了噴火恐龍。可是去哪裡找這位大英雄呢？ 七日以來，我每晚發夢，都夢見噴火恐龍出現，噴出大火，燒掉我的家，更追着我，要把我燒
2020	《當天使飛過松山──小巫婆與大黑熊》 (《上弦月》 2020年上半年刊) - 兒童文學	兒童文學	我是一個小巫婆，叫東妮。同學嘲笑我的樣子醜，媽媽駡我成績差，連從小陪我長大的掃把“小超”也嫌棄我，不肯載我飛翔。我很傷心，想找天使幫忙，卻不知往哪裡找。聽說二龍喉公園有位年紀很大的黑熊叔叔，很熱心助人。我便背着小超找黑熊叔叔，問他怎樣去找天使。 到了黑熊叔叔的屋子前，見到他正站在門傍。他個子很大，全身黑黑的毛，樣子很友善可愛。我正想與他揮手打招呼。這時，一陣
2021-11	《帶來勇氣的小寶寶》(《童一枝筆》(澳門筆會) 2021年11月) - 兒童文學	兒童文學	在學校禮堂內，我獨自站在舞台上，在台下觀眾熱烈鼓掌後，我開始唱歌。我唱得投入，俯身向前跨出舞步。槽糕，我的右腿不見了，真可怕！我站立不穩，嘭的一聲跌在地上。台下觀眾都大笑起來，我感到很羞恥，想起身逃走，但拐杖卻不見了，祗得低頭爬回後台，身後傳來台下觀眾更大的笑聲……  突然間，我驚醒起來，原來剛才是在做噩夢！看看身邊，拐杖仍在，摸摸右腿，也還在，但這個噩
2021-12-507f42fe-06bd-4e0b-96b7-0de10a86bdac	《為什麼澳門人喜歡掘路？》 (《童一枝筆》(澳門筆會)  2021年12月) - 兒童文學	兒童文學	我叫開智，是中學生，喜歡看書，更喜歡與爸爸討論問題。爸爸很博學，又多才多藝，是劇作家，又是資深的話劇導演。  最近，想参加澳門社會時事報告比賽，有什麼題目可寫呢？我問爸爸。爸爸說，寫時事報告，就要發掘大家關心的話題，要貼地，帶點趣味。要「發掘」、又「貼地」，我就想起周圍不斷掘地，不如就以掘地作題目吧——題目就是：「為什麼澳門人喜歡掘路？」 ...
2021-12	《布哥哥》 (《童一枝筆》(澳門筆會) 2021年12月) - 兒童文學	兒童文學	我叫珠女，讀小四，兩年前開始喜歡上打機和吃零食，也因此變得越來越胖，體育成績愈來愈差。唉！今天體育考試我不合格了。晚上，班主任給我媽咪打電話，要求媽咪多管束我，逼我少吃多做運動。  媽咪收到電話後，十分生氣。她要我坐在大廳沙發上，嘮叨教訓了我一個晚上，說以後再也不准我吃零食，又逼我參加游泳班。我當然不肯，她便更生氣了，嘲笑我愈胖愈醜，駡我沒用，連體育科也不
2021-2021-11	《肥貓貓與老虎牧師》 (《澳門作家文集2021》2021年11月) - 兒童文學	兒童文學	究竟什麽會愈洗愈多? 肥貓貓一直想了三個月都想不出來！事情經過得由三個月前說起……  名師劣徒  三個月前，一拐一拐的肥貓貓重返校園——愛德小學。他是小五愛班的學生。真的很不幸，他因為交通意外，嚴重受傷，在醫院住了一個月。傷勢治理得差不多，但一條腿跛了。本來喜愛和同學玩樂搞笑的他，現在變得神情苦惱，經常獨自呆坐。他以前上課時會經常提問又要人猜謎，現在卻沉默
2021-2021-3	《放學路上的生日禮物》 (《2021少年小說精選》(澳門筆會) 2021年3月) - 兒童文學	兒童文學	我叫胡世明，是愛德中學的初二學生，因為我個子小，同學們都叫我細明。我的爸爸是醫院的主治醫生 ，媽媽是大學教授。一定是遺傳的關係，我很聰明，上課不用聽書，下課不用温習，可以經常到處遊玩。 不過， 今天一放學我可要馬上回家，爸媽說好了會早點回家，要與我慶祝生日呢！正要走出學校大門時，卻被大鈍老師叫住了…… 大鈍老師很關心學生，對我特別好。他原名何德敦，為人和藹可
2021-7	《月餅英雄》(小說版) (《粵港澳大灣區小小說選》(澳門寫作學會) 2021年7月)   - 兒童文學	兒童文學	我叫学务，从香港演艺学院戏剧专业毕业后，回到澳门，没能找到合适的演艺工作，就暂时在神敬大学兼职，指导戏剧社的演出。后来幸运地遇上大学书院王院长的女儿晶晶，我们坠入爱河，本打算成婚，却遭到院长反对，他说我连一份能养家糊口的正职也没有，又怎能照顾好一个家庭呢？我很难过，满心抑郁，写剧抒情——古装音乐剧《月饼英雄》于是就这样诞生了!  中秋节前，神敬大学的湖边，
2022-1-20	校園童話《一別荷塘》 (《港澳文訊》2022年1月20日) - 校園童話	校園童話	我叫靜一，曾是神敬大學中文系的學生、荷塘詩社的社長，現在杭州一家公司任總經理。今天收到訉息，學務長在辦詩社活動時摔倒，受傷入院。我很擔心，更感到很內疚，急忙從杭州趕回澳門。在飛機上，往事湧上心頭……  五年前，我剛進大學，便加入著名的荷塘詩社，立志要成為一名出色的詩人。當時在詩社活動認識了學務長。他是最熱心支持詩社的人，哪怕工作再忙，也會經常參加詩社活動
2022-11-f58797ee-abc9-448b-b2f0-12afb668d793	《偷天換日的小豬》 (《童一枝筆》(澳門筆會) 2022年11月 - 兒童文學	兒童文學	我是花果山的猴子大王。在花果山，相傳古時猴王法力無邊，騰雲駕霧，天下無敵；曾有大批獵人要來捕殺猴子們，結果反被猴王施法消滅。我也想擁有古時猴王的法力，但在山上這麽多年，卻修練不出任何法力。所以我離開了花果山，到處尋訪名師，希望學得高強法力，可以逍遙快活，大顯威風。 今天，來到河邊，遇見一隻小豬，他年紀很小，樣子呆萌，胖嘟嘟的，正在水中嬉戲。太危險了！我一向不
2022-11	《開元故事法——與命運對話》 (《南國文藝》2022年11月) - 兒童文學	兒童文學	一、命運相遇 從女兒開元三歲開始，我每晚與她説睡前故事，是即興的互動創作。我創立了“開元故事法”，著書立説，致力推廣親子故事，提倡個性化故事。後來應邀寫兒童故事，故事完成之後，會給女兒看，問問意見，改好才發表。女兒長大後，不再看兒童故事了。我覺得創作動力減少，寫得也愈來愈少。加上年紀大了，精神不夠，不寫故事已有一段時間。其實現在寫不寫都不會有人在意。最關心
2022-12	《浸大与我》 (《少男少女》 2022年12月) - 散文	散文	女儿，你八月升读大学了，我想趁机与你说说我的母校——香港浸会大学的故事，以作勉励。 时间回到1980年，我从澳门蔡高中学毕业。当时澳门还没有大学，我便申读了香港浸会学院，即现在的浸会大学。 入学之后，听到校长谢志伟博士的演讲。校长的演讲很生动，分享了学校的困难和奋斗过程。他的演讲激励意志，启发思考。...
2022-2022-10	《爺爺與大德》 (《澳門作家文集2022》2022年10月) - 兒童文學	兒童文學	我叫良仔，是個孤兒，從小和爺爺一起生活，一晃已經完成初二了。爺爺人稱浩伯，親友街坊都稱讚他人品好，樂於助人。爺爺經營鴻記餐廳，鴻記是老字號，是爺爺的父親創辦的，至今已有七十多年歷史。現在正值暑假，我本來很空閒，但因為突然要接手鴻記的生意，這個多月真的忙得要命！幸好有大廚正叔和一班好夥計幫手，才能勉強撐下去。   這還要從爺爺上月中風講起，雖說送院搶救及
2023-1	《科學有沒有真理？》 (《童一枝筆》(澳門筆會) 2023年1月) - 兒童文學	兒童文學	我叫廣智，是愛德中學的初二學生。今早上課前，董其明老師拉著我説：“廣智，你要退出戲劇社和管弦樂團。” 半年前，董老師為了讓我專注於奧立匹克物理競賽，要求我退掉所有課外活動。當時我退出了辯論隊、文學社和義工隊。現在所剩下的戲劇和音樂兩項活動，是我特別喜歡的項目，我想繼續參與，便低聲回答：“老師，我不想退出。” 董老師拍拍我的肩膀，滿懷期望地説：“你爸爸以前是麻
2023-10	《書中的時光之旅》 (《童一枝筆》(澳門筆會) 2023年10月) - 兒童文學	兒童文學	我叫仁武，唸初二，喜歡玩，不喜歡讀書。今天，我與大威同學吵架，他吵不過便出手打我，我不服氣還手，卻正好被顏老師撞見。我向老師解釋，是大威先打我，我才還手，這就是以牙還牙，很公平。老師卻説，打人是違反校規的，而且傳統美德是以德報怨。她要我深刻反省，寫篇文章去悔過，否則會受重罰。文章可用“以德報怨”作為主題。 “以德報怨”？這既不公平，又不合理，我怎樣寫呢？
2023-12-fd4ceb33-a77f-4dec-8173-9302e9128cd7	《大通與神明》 (《童一枝筆》(澳門筆會) 2023年12月) - 兒童文學	兒童文學	我叫大通，是明智中學的初二生。平日最喜歡打遊戲機，最不喜歡學習。經常不做作業，很多科不合格，同學因此取笑我，還給我起了個花名叫“大鈍”。我並不介意，既然我是蠢鈍的人，那麼就算我再怎麼努力，也讀不好書，還不如索性痛快地去玩！ 爸爸媽媽經常責怪我沒志氣，老師也責怪我太懶惰，惟獨爺爺最愛我，他對我總是很包容，還經常鼓勵我。爺爺是愛德小學的校長，幾年前中風，之後身體
2023-12	《哪吒怎樣把天空變走？》 (《南國文藝》2023年12月) - 散文	散文	我從小到大，都很喜歡看魔術表演。最喜歡的魔術師是大衛高柏菲（David Copperfield）。幾十年前，我看的魔術表演節目，都是在室內舞台表演的。當時大衛高柏菲作出重大的突破，他在戶外表演大型魔術，可以在大峽谷上飛翔，又可以穿越萬里長城！而最震撼的，就是在一大群現場觀衆的眼前，把自由神像變走！我曾經懷疑，究竟他是採用了高明的障眼法，抑或是擁有神仙的法力？
2023-2023-11-0cd72c29-f851-4960-abaf-be3621000c1f	《神明五號》 (《澳門作家文集2023》2023年11月) - 兒童文學	兒童文學	我是小死神，剛做死神的工作不久，負責把死人的靈魂帶走。每當我準備帶走死者的靈魂時，他們都會苦苦哀求，說還不想死，請我不要帶走他們。我感到很難下手，但又不得不做。我告訴大天神，當死神太苦惱了，我不想當死神，我要當天使，助人為樂！大天神説幫人比當死神難得多，我根本沒幫人的經驗，才會以為幫人很容易、很開心。我心想，我當然沒有幫人的經驗，但我可以問“神明五號”——
2023-2023-11	《天使與神明》 (《澳門作家文集2023》2023年11月) - 兒童文學	兒童文學	我是天使，很喜歡助人。這年頭不好，我忙不過來，結果被大天神責罰，説我經常有太多疑問，工作太慢，要貶我到人間學習和反省，必須在3天內完成幫助3個人的重要任務，才可繼續當天使。若被貶到人間變成凡人，我便沒有法力，怎可在3天內完成重要任務呢？我臨走時請求大天神給我機會，安排個容易一點的任務。大天神卻很嚴肅地説，這次任務絕不容易，而且是性命悠關的，如果成功我便回來
2023-6-85	《最可怕的老師》 (《澳門筆匯》(澳門筆會) 2023年6月 第85期) - 兒童文學	兒童文學	我叫何正義，是愛德小學的學生，唸小五。今天真倒霉，被林善恩老師發現我抄功課，罰我留堂。林老師雖是訓導主任，長相卻像小女孩般天真可愛，對學生也親切友善，從不責駡學生。但我卻最怕她，因為每次違規，其他老師不察覺，偏偏祗有她發現；每次講大話，能暪過其他老師，卻都被她識穿。她就像上帝一樣，全知全能！  ...
2024-1	《蓮峰廟的奇遇》 (《少男少女》 2024年1月) - 兒童文學	兒童文學	我叫益德，是名初三学生，天生大力，是全澳学界铅球纪录的保持者。我喜爱武术，加入了澳门武术队。我的第一志愿是当兵，长大后保家卫国，但因为在澳门没有当兵的机会，我便希望可以成为一名警察。为了实现这个梦想，我现在担任校内风纪委员，还参加了治安警少年团。我的强项是武，弱项是文，平时最怕写文章和做报告。最近，学校来了一位代课的中文老师——诸葛老师，他是四川成都人。诸葛
2024-11-56d7aa4a-5ab9-4c9a-b806-631be2c36531	《文心與英兒》 (《澳門作家文集》(澳門作家協會) 2024年11月) - 小說	小說	我叫文心，是初中生，喜愛閲讀和寫作，在《澳門日報》、《童一枝筆》和《澳門作家文集》等發表了很多散文和兒童故事，並在內地的《幽默童話》、《少男少女》等刊物也發表過幾篇作品。此外，我經常參加徵文比賽，拿了很多獎項。曾經有不少媒體訪問我，問我寫作的秘訣，我總是説，沒什麽秘訣，祗要平日用功學習，多看書，多寫作，便會有進步。其實，我是有秘訣的，就是澳門大學彭老師的指導
2024-11	《偷天換日的魔法》 (《澳門作家文集》(澳門作家協會) 2024年11月) - 兒童文學	兒童文學	我叫易寶，是隻小豬，擅長做容易的事情，喜歡睡覺和發白日夢。我沒有爸爸，祗有媽媽。媽媽很愛我，祗是太囉嗦，什麽都管。很不幸，媽媽去年病重走了，我很傷心。當時，學校的唐老師主動過來照顧我，他對我很好，但他比媽媽更囉嗦。我要找媽媽，唐老師説媽媽回到了天上。我問天上的哪裡，他説天空之外的另一個世界。我問為什麽看不見，他説我們被天空遮蓋了視線，所以看不到天空之外的世界
2024-12	《如果神明要睡覺》 (《童一枝筆》(澳門筆會) 2024年12月) - 兒童文學	兒童文學	我是愛德小學的五年級學生，很喜歡遊玩和説笑，最不喜歡做功課。今天作文堂，臨時來代課的唐老師出的作文題目是“如果我不睡覺”，希望我們發揮創意，想像一下如果不睡覺，會發生什麼奇怪的事情。唐老師請每人先簡單說一下想法，大家互相啟發。同學們逐一講出想寫的，輪到最後一位，就是我了，唐老師對著我説：“同學，你打算寫什麽呢？”他話音未落，大家都哈哈大笑！唐老師很詫異，同學
2024-7	《神明五號的課堂》 (《童一枝筆》(澳門筆會) 2024年7月) - 兒童文學	兒童文學	我叫神明，是個機器寶寶。今天，我很緊張，因為將面臨人生中的一個重大難關——參加幼稚園面試！到了幼稚園，老師問我：“小朋友，你相信有聖誕老人嗎？” 噢！這真是一個非常難回答的問題。我當然不相信有聖誕老人。但我知道，如果我這樣回答的話，我肯定會不被錄取。所以只得說：“我相信有聖誕老人。”老師很高興。但我心中卻不安樂，因為講了大話，犯了規。 幼稚園錄取結果放榜的當
2025-10	《太爺爺的抗戰畫本》 (《少男少女》 2025年10月) - 兒童文學	兒童文學	功课的疑惑 在爱德小学的课堂，班主任林老师宣布了一件重要事情……              “今年是抗战胜利80周年，”林老师敲了敲黑板，“下周五要交一份澳门抗战故事报告，必须有文字和历史图片。两人一组，最优秀的作品会在学校和社区展示。”  “当时日军没有占领澳门，澳门哪有抗战故事啊？”我脱口而出，铅笔尖“啪”地在作业本戳出个黑窟窿。前排的小敏“唰”地转身，
2025-11	《尋找靈魂的小布》 (《童一枝筆》(澳門筆會) 2025年11月) - 兒童文學	兒童文學	小布的追尋     我叫小布，是珠女家中的仿生智能機器狗。     製造我的林博士說，珠女以前很貪吃，因此被一名老婆婆騙到食物天堂，幾乎沒命，幸得她的大狗老布拼死在夢中救她回來，但老布卻也因此身體嚴重受損，長期昏迷。我是隻毛茸茸的金黃色小狗，懂得思考和説話，有肌肉和體溫，與老布小的時候一樣，有足老布的個性和特點。珠女很喜歡我，但她心中始終最愛的還是老布，總是
2025-12	《太爺爺的抗戰畫本》 (《澳門的星空》(澳門兒童文學協會) 2025年12月) - 兒童文學	兒童文學	在愛德小學的課堂，班主任林老師宣佈了一件重要事情……  一、 功課的疑惑     “今年是抗戰勝利80週年，”林老師敲了敲黑板，“下週五要交一份澳門抗戰故事報告，必須有文字和歷史圖片。兩人一組，最優秀的作品會在學校和社區展示。”      “當時日軍沒有佔領澳門，澳門哪有抗戰故事啊？”我脫口而出，鉛筆尖“啪”地在作業本戳出個黑窟窿。前排的小敏“唰”地轉身，馬
2025-2025-11	《當胖豬豬遇上牛精明》 (《澳門作家文集2025》(澳門作家協會) 2025年11月) - 兒童文學	兒童文學	我叫“胖豬八號”，是具有感情的機器人。我在愛德小學的遊樂園當老師的助手，陪小朋友一起玩，大家卻都叫我胖豬豬。校裡有位彭老師，小朋友很喜歡聽他說故事。最近我向彭老師學講故事，我學了不久，他便安排我當親子故事班的導師。我這麽笨，怎會有能力去在故事班講故事呢？可是彭老師說，學講故事最重要的就是實踐，一邊講一邊學便可以。    ...
2025-6	《如果神明要寫詩》 (《童一枝筆》(澳門筆會)2025年6月) - 兒童文學	兒童文學	我叫“神明五號”，是具有情感的機器人。我是愛德小學彭老師的學生，也是他的助手。今天，我本來要上彭老師的課，學習寫詩，可是他突然生病，要我代他教這一堂課！我表示不懂得寫詩，更不懂得怎樣教。老師卻笑著説，小朋友會教我的，此外，注意幫助朱孝德同學。 朱孝德性格孤獨，悶悶不樂，經常犯錯，成績較差。同學們時常取笑他是“傻仔”、“傻豬”。我記得上次他交的週記很古怪：“通
2026-1-a648c94f-4e18-47f0-8e7b-8321e2974247	《當學校正在消失》 (《少年月刊》2026年1月) - 兒童文學	兒童文學	我是“神明五号”，爱德小学唯一的AI学生。最近，我们的学校正在逐渐消失！    我听到越来越多的同学在问：“为什么要学数学呢？AI不是都会算吗？”“为什么要背课文呢？搜索一下不就有了吗？”    昨天，古怪的事情发生了……    操场的秋千有一端渐渐地变得透明，就像被橡皮擦从现实的画布上轻轻抹去。跟着图书馆的书架开始消失，书籍悬浮在空中，书页如秋叶般飘
2026-1	《想聽聽彭老師的寫作故事嗎？》 (《興趣閱讀》2026年1月) - 文章	文章	各位亲爱的小朋友： 你喜欢作文吗？老师给了题目，你想不出怎样写，怎么办？  我先分享我的故事…… 我读小学时，很害怕作文，有时收到题目，不知怎写，便问妈妈。我一直不喜欢作文，念大学时，选了数学——这是最不需要作文的专业！ 为什么我后来喜欢写作，成为作家呢？这就要讲一个讲故事的故事了…… 我女儿三岁开始，我每天晚上为她说故事，是随口创作的故事。我有口吃的毛病，
2026-2	《悟空會不會哭？》 (《少男少女》2026年2月) - 文章	文章	
2026-6-cdf8a011-28e2-47bc-87cd-de8bbb4b3386	《聲仔與我》 (《童一枝筆》2026年6月) - 兒童文學	兒童文學	我是一名小學生，叫費士繁，向來做事爽快，不喜歡拖泥帶水。我喜歡安靜，不想被噪音打擾。每天走進校園，到處都是聲音：鳥叫、唱歌、聊天、玩耍……吵得我心煩。我總是低著頭加快腳步，趕快回教室，只想早點遠離那些噪音。今早，我經過休憩區，合唱團正在那裡排練。無意間，我看見一個年約三四歲的小男孩，安靜地站在一旁。為什麼幼兒園的小朋友會來小學部呢？不管他了，趕快回教室。午餐
2026-6	《獎盃換走路》 (《童一枝筆》2026年6月) - 兒童文學	兒童文學	我叫思朗，是澳門愛德中學的初二學生。 今天，我手裏捧著那座閃閃發亮的大獎盃，站在家門口，心裏說不出的興奮。我想，奶奶看見我給她拿獎盃回來，一定會很開心，一定願意好好練習走路，堅持做康復訓練。...
2026-7acd7724-afcb-4e2f-8d68-c00d3912f55e	《獎盃換走路》 (《童夢心田》2026年) - 兒童文學	兒童文學	我叫思朗，是澳門愛德中學的初二學生。    今天，我手裏捧著那座閃閃發亮的大獎盃，站在家門口，心裏說不出的興奮。我想，奶奶看見我給她拿獎盃回來，一定會很開心，一定願意好好練習走路，堅持做康復訓練。    我扭開門鎖，推門而入，臉上掛著最開心的表情——卻在剎那間，整個人呆住了。    我的班主任李老師，正坐在家裏的沙發上，和奶奶閒話家常。    我嚇得雙手發抖
2026	《爭氣》 (《眾山文學》2026年) - 兒童文學	兒童文學	我叫黄志富，是一家公司的老板。做事讲求速度与效率，最讨厌拖拖拉拉。我一直认为，做人要有骨气，要争气。在我眼里，身边的人动作实在太慢，慢得像是在阻挡地球转动。   我的秘书叫静文，是我最得力的助手。她能干又有学识，只可惜总爱管着我，动不动就劝我冷静，劝我不要发火。她最常挂在嘴边的四个字是：闲气莫争。   近来，静文常常跟我说《西游记》的故事。她说，《西游
256-2016-05	《開元故事法與情境教育》 (《中國教師》第256期 2016-05)   - 文章	文章	引言筆者創立的“開元故事法”，主張根據孩子的興趣及需要去選擇或創作故事。其核心理念是：“仁愛共勉，忠誠表達，情境共鳴，多元寬容”。 本文介紹如何用“開元故事法”為孩子作情境教育。 情境教育情境教育就是讓人在真實的、模擬的、甚至想像的情境下學習。它是一種生動、具體...
30-2010-11	《親子教育的重要性》 (《百份百家長》第30期 2010-11) - 文章	文章	出處: http://www.dsej.gov.mo/caet/p100/no30/p21-24.pdf
31-2011-04	《親子故事取材與開元故事法》 (《百份百家長》第31期 2011-04)   - 文章	文章	出處: http://www.dsej.gov.mo/caet/p100/no31/p42-44.pdf
32-2016-09	《校園童話：遇新環境，學古方言》  《澳大鏡報》總第32期 2016-09   - 校園童話	校園童話	小孩代課小孩子擔任澳大學生事務長不久，同事便告訴他要恢復開辦粤語班，讓很多外地來的新同學可以學習粵語，更好地適應新環境。小孩子說好，同事便趕緊去辦。 有一天，粵語班鄧老師因病缺課，同事便叫小孩子代課，說鄧老師的講義已發給學生，小孩子照講便可。小孩子雖然很怕當老師，卻不敢推辭。 小孩子來到教室，才知這是第二堂課。他拿著鄧老師的講義一看，心便很慌，怎麼鄧老師教的
ai-2025-2025-11	《當哲學遇上AI：文理共生的量子糾纏》 (《澳門作家文集2025》(澳門作家協會) 2025年11月) - 小...	小說	今天，畢業廿年的我，受學務長的邀請，重回母校——神敬大學，作開學禮的演講嘉賓。一進校園，便見“百年樹人榮神耀國”的紅色橫幅，心中感到振奮不已。時值母校百年校慶，本該全校歡騰，卻見會堂前師生群聚，高舉“誓死保衛哲學系”的黑布條，擴音口號響徹校園。哲學系作為創校科系，百年樹人，卻因校方經費不足，加上AI浪潮下的“文科無用論”盛行，致報讀人數銳減，校方決定
stay-at-home-2020-11	《留家中》Stay at Home (《童一枝筆》(澳門筆會) 2020年11月) - 詩歌	詩歌	疫情重，莫驚恐，不聚眾，留家中……留家中，親情頌，心意送，電話通。留家中，做運動，課本懂，知識通。留家中，勿悲痛，人輕鬆，看卡通。留家中，疫情控，病毒終，運興隆！ Stay at home,not alone, we talk on phone!Stay at home,not to moan, and not to groan, we watch cart
